player_type,player_key,playerid,mlbamid,name,team,weekly_projection_index,projection_rank
pitcher,27926,27926,689441,Coleman Crow,MIL,113.8,1
batter,19556,19556,670541,Yordan Alvarez,HOU,97.0,2
batter,29576,29576,700250,Ben Rice,NYY,95.2,3
batter,15640,15640,592450,Aaron Judge,NYY,94.4,4
batter,11579,11579,547180,Bryce Harper,PHI,93.6,5
batter,28806,28806,694192,Jackson Chourio,MIL,93.6,6
batter,14344,14344,621566,Matt Olson,ATL,93.2,7
batter,25816,25816,669127,Shea Langeliers,ATH,91.6,8
batter,13301,13301,571970,Max Muncy,LAD,91.4,9
batter,30116,30116,673548,Seiya Suzuki,CHC,89.5,10
batter,15998,15998,641355,Cody Bellinger,NYY,88.2,11
batter,16478,16478,656941,Kyle Schwarber,PHI,87.9,12
batter,31539,31539,686948,Drake Baldwin,ATL,87.7,13
batter,31382,31382,687221,Dalton Rushing,LAD,87.6,14
pitcher,32095,32095,693645,Cam Schlittler,NYY,87.1,15
batter,11609,11609,575929,Willson Contreras,BOS,86.6,16
batter,32127,32127,800050,Chase DeLauter,CLE,86.4,17
pitcher,19755,19755,660271,Shohei Ohtani,LAD,86.1,18
batter,35110,35110,701762,Nick Kurtz,ATH,85.9,19
batter,19755,19755,660271,Shohei Ohtani,LAD,85.5,20
batter,13419,13419,572233,Christian Walker,HOU,85.4,21
pitcher,10954,10954,594798,Jacob deGrom,TEX,85.2,22
batter,23772,23772,677800,Wilyer Abreu,BOS,84.5,23
pitcher,31986,31986,800048,Parker Messick,CLE,84.2,24
batter,19251,19251,624413,Pete Alonso,BAL,83.7,25
batter,18882,18882,664040,Brandon Lowe,PIT,83.4,26
pitcher,33703,33703,690997,Nolan McLean,NYM,83.2,27
batter,25878,25878,682998,Corbin Carroll,ARI,83.0,28
batter,21842,21842,666126,Carlos Cortes,ATH,82.9,29
batter,25931,25931,671739,Michael Harris II,ATL,82.6,30
batter,22186,22186,668930,Brice Turang,MIL,82.2,31
pitcher,30182,30182,701542,Will Warren,NYY,81.9,32
batter,17548,17548,621493,Taylor Ward,BAL,81.7,33
batter,37123,37123,672960,Kazuma Okamoto,TOR,81.4,34
batter,25764,25764,677951,Bobby Witt Jr.,KCR,81.3,35
batter,17919,17919,664023,Ian Happ,CHC,81.1,36
batter,14161,14161,621439,Byron Buxton,MIN,80.8,37
pitcher,20778,20778,650911,Cristopher Sánchez,PHI,80.7,38
batter,19611,19611,665489,Vladimir Guerrero Jr.,TOR,80.6,39
batter,18401,18401,660670,Ronald Acuña Jr.,ATL,79.7,40
batter,13510,13510,608070,José Ramírez,CLE,79.6,41
batter,16442,16442,656811,Ryan O'Hearn,PIT,79.2,42
pitcher,19959,19959,666200,Jesús Luzardo,PHI,79.0,43
batter,24618,24618,680777,Ryan Jeffers,MIN,78.9,44
batter,26288,26288,668939,Adley Rutschman,BAL,77.6,45
batter,5361,5361,518692,Freddie Freeman,LAD,77.6,46
pitcher,10310,10310,554430,Zack Wheeler,PHI,77.2,47
batter,27577,27577,669477,Casey Schmitt,SFG,77.1,48
pitcher,29839,29839,686218,Emmet Sheehan,LAD,76.6,49
batter,11442,11442,596142,Gary Sánchez,MIL,76.6,50
batter,9218,9218,502671,Paul Goldschmidt,NYY,76.6,51
pitcher,33829,33829,684007,Shota Imanaga,CHC,76.3,52
pitcher,33825,33825,808967,Yoshinobu Yamamoto,LAD,76.2,53
batter,24816,24816,681624,Andy Pages,LAD,76.1,54
pitcher,35333,35333,695505,Chase Burns,CIN,75.9,55
pitcher,31623,31623,694819,Jacob Misiorowski,MIL,75.5,56
pitcher,18383,18383,647336,Michael Soroka,ARI,75.5,57
batter,13611,13611,605141,Mookie Betts,LAD,75.4,58
batter,21711,21711,665833,Oneil Cruz,PIT,75.4,59
batter,28820,28820,694208,Moisés Ballesteros,CHC,75.2,60
batter,22217,22217,669134,Luis Campusano,SDP,75.1,61
batter,10155,10155,545361,Mike Trout,LAA,74.9,62
pitcher,10603,10603,519242,Chris Sale,ATL,74.7,63
batter,20123,20123,665742,Juan Soto,NYM,74.2,64
batter,18564,18564,663757,Trent Grisham,NYY,73.8,65
batter,26368,26368,668709,JJ Bleday,CIN,73.7,66
batter,15194,15194,641343,Jake Bauers,MIL,73.5,67
batter,16556,16556,645277,Ozzie Albies,ATL,73.5,68
batter,20503,20503,661388,William Contreras,MIL,73.4,69
batter,27467,27467,691016,Tyler Soderstrom,ATH,73.0,70
pitcher,21390,21390,657746,Joe Ryan,MIN,72.8,71
pitcher,33677,33677,694973,Paul Skenes,PIT,72.8,72
pitcher,35466,35466,801139,Payton Tolle,BOS,72.8,73
batter,35041,35041,695506,Jac Caglianone,KCR,72.6,74
batter,19197,19197,669257,Will Smith,LAD,72.6,75
batter,18345,18345,663656,Kyle Tucker,LAD,72.5,76
batter,37120,37120,808959,Munetaka Murakami,CHW,72.4,77
pitcher,23590,23590,676962,Ben Brown,CHC,72.0,78
batter,13324,13324,545121,Ildemaro Vargas,ARI,72.0,79
pitcher,14107,14107,592332,Kevin Gausman,TOR,71.8,80
batter,19296,19296,669743,Alex Call,LAD,71.6,81
batter,19326,19326,668804,Bryan Reynolds,PIT,71.2,82
batter,28824,28824,694212,Samuel Basallo,BAL,71.2,83
pitcher,29914,29914,674841,Andrew Alvarez,WSN,71.0,84
batter,29518,29518,695578,James Wood,WSN,71.0,85
batter,21501,21501,663616,Trevor Larnach,MIN,71.0,86
batter,11493,11493,592518,Manny Machado,SDP,70.9,87
batter,20202,20202,669016,Brandon Marsh,PHI,70.7,88
batter,13613,13613,606466,Ketel Marte,ARI,70.6,89
batter,20036,20036,670623,Isaac Paredes,HOU,70.3,90
batter,16472,16472,656555,Rhys Hoskins,CLE,70.3,91
batter,22799,22799,672695,Geraldo Perdomo,ARI,70.1,92
batter,28080,28080,691176,Jasson Domínguez,NYY,69.8,93
batter,17982,17982,664034,Ty France,SDP,69.6,94
batter,19956,19956,666160,Mickey Moniak,COL,69.4,95
batter,28163,28163,691406,Junior Caminero,TBR,69.1,96
batter,25867,25867,668952,Ryan Kreidler,MIN,69.1,97
batter,21479,21479,663538,Nico Hoerner,CHC,68.7,98
pitcher,23335,23335,676282,Joey Cantillo,CLE,68.5,99
batter,26319,26319,683737,Michael Busch,CHC,68.3,100
batter,31505,31505,701398,Sal Stewart,CIN,67.8,101
pitcher,25385,25385,656876,Drew Rasmussen,TBR,67.7,102
batter,13620,13620,608348,Carson Kelly,CHC,67.6,103
batter,26668,26668,682829,Elly De La Cruz,CIN,67.4,104
batter,15362,15362,643446,Jeff McNeil,ATH,67.3,105
batter,33572,33572,805808,Kevin McGonigle,DET,67.1,106
batter,19566,19566,663993,Nathaniel Lowe,CIN,66.8,107
batter,26289,26289,683002,Gunnar Henderson,BAL,66.7,108
batter,12161,12161,593428,Xander Bogaerts,SDP,66.7,109
pitcher,30146,30146,683004,Jack Leiter,TEX,66.6,110
pitcher,27474,27474,676974,Max Meyer,MIA,66.6,111
batter,14162,14162,621043,Carlos Correa,HOU,66.5,112
pitcher,31621,31621,693686,Spencer Miles,TOR,66.5,113
batter,25768,25768,682928,CJ Abrams,WSN,66.2,114
batter,27462,27462,668885,Austin Martin,MIN,66.1,115
pitcher,16149,16149,605400,Aaron Nola,PHI,65.9,116
pitcher,21483,21483,663556,Shane McClanahan,TBR,65.9,117
batter,20599,20599,671056,Iván Herrera,STL,65.8,118
batter,26991,26991,683679,Jesus Rodriguez,SFG,65.6,119
pitcher,25436,25436,669923,George Kirby,SEA,65.5,120
batter,16578,16578,650490,Yandy Díaz,TBR,65.4,121
batter,21837,21837,666018,Jonathan Aranda,TBR,65.3,122
batter,31812,31812,701350,Roman Anthony,BOS,65.2,123
batter,22664,22664,672515,Gabriel Moreno,ARI,65.1,124
batter,25976,25976,682985,Riley Greene,DET,65.0,125
pitcher,18679,18679,642547,Freddy Peralta,NYM,64.9,126
batter,29976,29976,691783,Jordan Lawlar,ARI,64.7,127
batter,4949,4949,519317,Giancarlo Stanton,NYY,64.6,128
pitcher,22543,22543,671737,Taj Bradley,MIN,64.5,129
batter,15653,15653,642086,Dominic Smith,ATL,64.2,130
batter,15711,15711,641933,Tyler O'Neill,BAL,64.2,131
batter,27676,27676,686469,Vinnie Pasquantino,KCR,63.9,132
batter,24934,24934,681807,David Fry,CLE,63.8,133
batter,31441,31441,691740,Daniel Susac,SFG,63.7,134
batter,17128,17128,657656,Ramón Laureano,SDP,63.7,135
batter,18314,18314,621020,Dansby Swanson,CHC,63.4,136
batter,13066,13066,606192,Teoscar Hernández,LAD,63.2,137
batter,17678,17678,608324,Alex Bregman,CHC,62.9,138
batter,19709,19709,665487,Fernando Tatis Jr.,SDP,62.9,139
pitcher,21690,21690,665795,Edward Cabrera,CHC,62.8,140
batter,12856,12856,543807,George Springer,TOR,62.8,141
batter,29490,29490,701538,Jackson Merrill,SDP,62.7,142
batter,18900,18900,665750,Leody Taveras,BAL,62.3,143
batter,26477,26477,687462,Spencer Horwitz,PIT,62.3,144
batter,20178,20178,678246,Miguel Vargas,CHW,62.1,145
pitcher,30122,30122,668909,Gavin Williams,CLE,61.9,146
batter,33322,33322,807713,Matt Shaw,CHC,61.8,147
batter,24679,24679,680977,Brendan Donovan,SEA,61.4,148
pitcher,19867,19867,656288,Griffin Canning,SDP,61.4,149
batter,15878,15878,609280,Miguel Andujar,SDP,61.2,150
batter,19358,19358,642215,Weston Wilson,BAL,61.2,151
pitcher,27468,27468,672282,Reid Detmers,LAA,61.1,152
batter,27465,27465,679529,Spencer Torkelson,DET,61.1,153
batter,27615,27615,676475,Alec Burleson,STL,60.8,154
batter,15518,15518,642708,Amed Rosario,NYY,60.8,155
batter,25180,25180,682177,Daniel Schneemann,CLE,60.8,156
pitcher,19853,19853,650633,Michael King,SDP,60.8,157
batter,12927,12927,607043,Brandon Nimmo,TEX,60.6,158
batter,11477,11477,592885,Christian Yelich,MIL,60.5,159
batter,19918,19918,662139,Daulton Varsho,TOR,60.5,160
batter,11680,11680,553869,Elias Díaz,KCR,60.5,161
batter,20572,20572,665019,Kody Clemens,MIN,60.4,162
pitcher,23796,23796,677960,Ryan Weathers,NYY,60.3,163
batter,19960,19960,666211,Taylor Trammell,HOU,60.3,164
batter,27475,27475,691023,Jordan Walker,STL,59.9,165
batter,5417,5417,514888,Jose Altuve,HOU,59.9,166
pitcher,22201,22201,669022,MacKenzie Gore,TEX,59.8,167
batter,27464,27464,693307,Dillon Dingler,DET,59.6,168
batter,31837,31837,807799,Masataka Yoshida,BOS,59.6,169
batter,27562,27562,669224,Austin Wells,NYY,59.5,170
pitcher,26448,26448,686790,Trevor McDonald,SFG,59.5,171
batter,29478,29478,695600,Carter Jensen,KCR,59.2,172
batter,19354,19354,670042,Luke Raley,SEA,59.2,173
pitcher,35456,35456,702056,Trey Yesavage,TOR,59.2,174
batter,25477,25477,686555,Isaac Collins,KCR,59.1,175
batter,21797,21797,665953,Andrés Chaparro,WSN,59.0,176
batter,26299,26299,673962,Josh Jung,TEX,59.0,177
batter,19287,19287,666969,Adolis García,PHI,58.6,178
batter,29766,29766,680869,Zack Gelof,ATH,58.6,179
batter,22715,22715,672580,Maikel Garcia,KCR,58.3,180
batter,18360,18360,663586,Austin Riley,ATL,58.2,181
batter,29715,29715,696100,Hunter Goodman,COL,58.2,182
batter,13624,13624,608369,Corey Seager,TEX,58.0,183
batter,16376,16376,624424,Michael Conforto,CHC,57.8,184
batter,13145,13145,605137,Josh Bell,MIN,57.6,185
batter,20404,20404,676724,Jared Young,NYM,57.3,186
batter,26438,26438,686527,Dominic Canzone,SEA,57.0,187
batter,14221,14221,624585,Jorge Soler,LAA,57.0,188
batter,17022,17022,624641,Edmundo Sosa,PHI,56.9,189
batter,25961,25961,681481,Kerry Carpenter,DET,56.7,190
batter,9777,9777,571448,Nolan Arenado,ARI,56.7,191
batter,35376,35376,804606,Konnor Griffin,PIT,56.6,192
batter,29844,29844,689414,Liam Hicks,MIA,56.6,193
pitcher,17995,17995,657277,Logan Webb,SFG,56.5,194
batter,33704,33704,692216,CJ Kayfus,CLE,56.3,195
pitcher,17295,17295,664285,Framber Valdez,DET,56.3,196
pitcher,30076,30076,694738,Landen Roupp,SFG,56.3,197
pitcher,23793,23793,677952,Braxton Ashcraft,PIT,56.1,198
batter,26323,26323,668715,Spencer Steer,CIN,56.0,199
pitcher,30091,30091,691725,Andrew Painter,PHI,55.8,200
batter,22581,22581,672386,Alejandro Kirk,TOR,55.7,201
pitcher,27473,27473,676917,Cade Cavalli,WSN,55.5,202
batter,19627,19627,667670,Brent Rooker,ATH,55.4,203
batter,29712,29712,695657,Colson Montgomery,CHW,55.4,204
batter,12916,12916,596019,Francisco Lindor,NYM,55.4,205
batter,26466,26466,670242,Matt Wallner,MIN,55.2,206
pitcher,17277,17277,624133,Ranger Suarez,BOS,55.2,207
batter,21636,21636,665161,Jeremy Peña,HOU,55.1,208
batter,26540,26540,682657,Angel Martínez,CLE,55.0,209
batter,24262,24262,678882,Ceddanne Rafaela,BOS,55.0,210
batter,27763,27763,691011,Drew Romo,CHW,55.0,211
batter,34985,34985,802139,JJ Wetherholt,STL,55.0,212
batter,22266,22266,669364,Xavier Edwards,MIA,55.0,213
batter,31347,31347,687263,Zach Neto,LAA,55.0,214
batter,20454,20454,665862,Jazz Chisholm Jr.,NYY,54.9,215
batter,19913,19913,660821,Jesús Sánchez,TOR,54.9,216
batter,35101,35101,803011,Sam Antonacci,CHW,54.8,217
batter,22515,22515,671218,Heliot Ramos,SFG,54.7,218
batter,18568,18568,650333,Luis Arraez,SFG,54.7,219
batter,16252,16252,607208,Trea Turner,PHI,54.6,220
batter,22054,22054,667472,Dane Myers,CIN,54.5,221
pitcher,22100,22100,667755,José Soriano,LAA,54.4,222
batter,17620,17620,664702,Myles Straw,TOR,54.4,223
batter,20308,20308,676694,Jake Meyers,HOU,54.3,224
batter,22530,22530,671286,Johnathan Rodríguez,BAL,54.3,225
batter,23986,23986,678554,Curtis Mead,WSN,54.1,226
pitcher,gerrit cole,,,Gerrit Cole,NYY,54.0,227
batter,23697,23697,677594,Julio Rodríguez,SEA,54.0,228
pitcher,12447,12447,607625,Seth Lugo,KCR,54.0,229
batter,37122,37122,823550,Sung-Mun Song,SDP,53.8,230
batter,26121,26121,682626,Francisco Alvarez,NYM,53.7,231
batter,21626,21626,665052,Griffin Conine,MIA,53.7,232
batter,33824,33824,808982,Jung Hoo Lee,SFG,53.7,233
batter,19290,19290,668227,Randy Arozarena,SEA,53.7,234
pitcher,zebby matthews,,,Zebby Matthews,MIN,53.6,235
batter,19608,19608,672640,Otto Lopez,MIA,53.5,236
batter,16939,16939,657041,Lane Thomas,KCR,53.2,237
batter,21534,21534,663728,Cal Raleigh,SEA,53.1,238
batter,24488,24488,680474,Max Schuemann,NYY,53.1,239
batter,27769,27769,691718,Pete Crow-Armstrong,CHC,53.1,240
batter,21780,21780,665923,Esteury Ruiz,MIA,53.0,241
batter,16997,16997,650402,Gleyber Torres,DET,53.0,242
batter,31437,31437,690291,Jace Jung,DET,53.0,243
batter,18373,18373,663624,Ryan Mountcastle,BAL,53.0,244
batter,10324,10324,542303,Marcell Ozuna,PIT,52.8,245
batter,31583,31583,805904,Zach Cole,HOU,52.8,246
pitcher,31891,31891,702193,Andrew Morris,MIN,52.7,247
batter,22184,22184,668901,Mark Vientos,NYM,52.7,248
batter,27630,27630,679845,Nick Loftin,KCR,52.6,249
batter,35108,35108,701358,Cam Smith,HOU,52.1,250
batter,28272,28272,691620,Jeferson Quero,MIL,52.0,251
batter,15491,15491,641487,J.P. Crawford,SEA,51.8,252
pitcher,31857,31857,687570,Connor Prielipp,MIN,51.6,253
batter,21523,21523,663697,Jonathan India,KCR,51.5,254
batter,19238,19238,666971,Lourdes Gurriel Jr.,ARI,51.5,255
pitcher,29878,29878,680732,Sean Burke,CHW,51.3,256
pitcher,29869,29869,700241,Michael McGreevy,STL,51.2,257
pitcher,21487,21487,663568,Stephen Kolek,KCR,51.2,258
batter,26143,26143,687859,Troy Johnston,COL,51.0,259
batter,21693,21693,665804,Miguel Amaya,CHC,50.9,260
batter,27490,27490,693304,Nick Gonzales,PIT,50.8,261
batter,25434,25434,669717,Will Wilson,SEA,50.8,262
batter,33280,33280,694728,Brice Matthews,HOU,50.7,263
pitcher,24282,24282,678906,Kai-Wei Teng,HOU,50.7,264
batter,26664,26664,682818,Yohendrick Pinango,TOR,50.5,265
pitcher,30279,30279,693433,Bryan Woo,SEA,50.3,266
pitcher,24719,24719,681190,Randy Vásquez,SDP,50.2,267
batter,29805,29805,681198,TJ Rumfield,COL,50.1,268
batter,19901,19901,657757,Gavin Sheets,SDP,50.0,269
batter,24617,24617,680776,Jarren Duran,BOS,50.0,270
batter,29779,29779,691777,Max Muncy,ATH,49.7,271
batter,23565,23565,676914,Davis Schneider,TOR,49.6,272
pitcher,31843,31843,677958,Kumar Rocker,TEX,49.6,273
pitcher,30134,30134,676440,Tanner Bibee,CLE,49.6,274
batter,16505,16505,656305,Matt Chapman,SFG,49.4,275
batter,31695,31695,687637,Dylan Beavers,BAL,49.2,276
batter,27555,27555,669003,Garrett Mitchell,MIL,49.0,277
batter,29949,29949,672012,Tyler Black,MIL,48.8,278
batter,27534,27534,666397,Edouard Julien,COL,48.6,279
pitcher,20253,20253,643377,Griffin Jax,TBR,48.6,280
batter,21614,21614,664728,Kyle Isbel,KCR,48.6,281
batter,16530,16530,643289,Mauricio Dubón,ATL,48.6,282
pitcher,15873,15873,640455,Sean Manaea,NYM,48.6,283
batter,31855,31855,687515,Colby Thomas,ATH,48.5,284
pitcher,27669,27669,685299,Tanner Gordon,COL,48.4,285
pitcher,braxton garrett,,,Braxton Garrett,MIA,48.2,286
batter,27915,27915,696030,Alejandro Osuna,TEX,48.1,287
batter,19455,19455,655316,Andruw Monasterio,BOS,48.0,288
pitcher,16256,16256,607536,Kyle Freeland,COL,48.0,289
pitcher,bryce miller,,,Bryce Miller,SEA,47.9,290
pitcher,david sandlin,,,David Sandlin,CHW,47.9,291
batter,18872,18872,663330,Jahmai Jones,DET,47.9,292
batter,21622,21622,664983,Jake McCarthy,COL,47.9,293
pitcher,lucas giolito,,,Lucas Giolito,SDP,47.9,294
batter,29622,29622,686217,Sal Frelick,MIL,47.9,295
batter,18839,18839,647304,Josh Naylor,SEA,47.8,296
batter,11739,11739,592663,J.T. Realmuto,PHI,47.7,297
batter,19877,19877,656484,Tristan Gray,MIN,47.5,298
pitcher,27779,27779,693821,Bryce Elder,ATL,47.3,299
batter,14111,14111,606992,Eric Haase,SFG,47.3,300
batter,26031,26031,687093,Vaughn Grissom,LAA,47.2,301
batter,27899,27899,690993,Colt Keith,DET,47.1,302
batter,23695,23695,677592,Everson Pereira,CHW,47.0,303
batter,20437,20437,668904,Royce Lewis,MIN,46.9,304
batter,29668,29668,691785,Marcelo Mayer,BOS,46.8,305
pitcher,11486,11486,592662,Robbie Ray,SFG,46.8,306
pitcher,24763,24763,681517,Kyle Leahy,STL,46.5,307
pitcher,nick lodolo,,,Nick Lodolo,CIN,46.5,308
batter,22239,22239,669236,Jeremiah Jackson,BAL,46.3,309
pitcher,27814,27814,675660,Shane Drohan,MIL,46.3,310
batter,12552,12552,553993,Eugenio Suárez,CIN,46.2,311
batter,19931,19931,663897,Luke Williams,ATL,46.1,312
batter,26294,26294,681082,Bryson Stott,PHI,46.0,313
batter,31665,31665,690976,Alex Freeland,LAD,45.9,314
batter,29794,29794,700932,Kyle Manzardo,CLE,45.9,315
pitcher,30107,30107,681035,Christian Scott,NYM,45.8,316
pitcher,troy melton,,,Troy Melton,DET,45.7,317
pitcher,24586,24586,680694,Kyle Bradish,BAL,45.5,318
batter,33189,33189,694384,Nolan Schanuel,LAA,45.5,319
pitcher,24728,24728,681347,Mike Burrows,HOU,45.4,320
batter,31545,31545,687551,Drew Gilbert,SFG,45.3,321
batter,9241,9241,516782,Starling Marte,KCR,45.1,322
batter,31595,31595,686797,Brooks Lee,MIN,44.8,323
batter,33266,33266,805779,Jacob Wilson,ATH,44.8,324
batter,22542,22542,671732,Lawrence Butler,ATH,44.8,325
batter,22197,22197,669004,MJ Melendez,NYM,44.6,326
pitcher,12317,12317,607067,Colin Rea,CHC,44.5,327
batter,22563,22563,672356,Gabriel Arias,CLE,44.5,328
batter,33390,33390,805811,Bryce Eldridge,SFG,44.1,329
batter,34967,34967,683953,Travis Bazzana,CLE,43.9,330
batter,21853,21853,666181,Will Benson,CIN,43.9,331
batter,29592,29592,681393,Connor Norby,MIA,43.8,332
batter,25817,25817,669699,Braden Shewmake,HOU,43.7,333
batter,23690,23690,677587,Brayan Rocchio,CLE,43.7,334
batter,31791,31791,702222,Justin Crawford,PHI,43.7,335
batter,17350,17350,646240,Rafael Devers,SFG,43.6,336
pitcher,27498,27498,675911,Spencer Strider,ATL,43.5,337
batter,16572,16572,656582,Connor Joe,SEA,43.4,338
batter,35322,35322,808975,Hyeseong Kim,LAD,43.4,339
batter,23733,23733,677649,Ezequiel Duran,TEX,43.2,340
pitcher,11674,11674,592791,Jameson Taillon,CHC,43.2,341
batter,33333,33333,694671,Wyatt Langford,TEX,43.1,342
batter,13152,13152,593871,Jorge Polanco,NYM,43.0,343
batter,33321,33321,807712,Luke Keaschall,MIN,43.0,344
batter,27449,27449,669899,Ryan Ward,LAD,43.0,345
batter,22532,22532,671289,Tyler Freeman,COL,43.0,346
batter,29704,29704,690924,Braxton Fulford,COL,42.9,347
pitcher,19374,19374,621111,Walker Buehler,SDP,42.7,348
pitcher,gage jump,,,Gage Jump,ATH,42.5,349
pitcher,carlos rodon,,,Carlos Rodón,NYY,42.4,350
batter,17988,17988,663886,Tyler Stephenson,CIN,42.3,351
pitcher,17969,17969,663567,Peter Lambert,HOU,42.1,352
batter,29995,29995,695734,Daylen Lile,WSN,42.0,353
batter,7304,7304,521692,Salvador Perez,KCR,41.7,354
pitcher,12768,12768,543243,Sonny Gray,BOS,41.7,355
batter,26546,26546,682663,Agustín Ramírez,MIA,41.6,356
batter,26151,26151,669065,Kyle Stowers,MIA,41.6,357
pitcher,jared jones,,,Jared Jones,PIT,41.5,358
pitcher,kade morris,,,Kade Morris,ATH,41.5,359
batter,15986,15986,642715,Willy Adames,SFG,41.5,360
batter,18795,18795,602104,Ramón Urías,STL,41.4,361
batter,16930,16930,641680,Jonah Heim,ATL,41.3,362
pitcher,15689,15689,622491,Luis Castillo,SEA,41.3,363
pitcher,22630,22630,672456,Keider Montero,DET,41.1,364
pitcher,22286,22286,669432,Trevor Rogers,BAL,41.1,365
pitcher,24452,24452,679883,Luinder Avila,KCR,41.0,366
pitcher,37124,37124,837227,Tatsuya Imai,HOU,40.9,367
batter,20084,20084,641555,J.C. Escarra,NYY,40.7,368
batter,22558,22558,672284,Jarred Kelenic,CHW,40.7,369
batter,20043,20043,673357,Luis Robert Jr.,NYM,40.7,370
batter,27479,27479,691026,Masyn Winn,STL,40.7,371
pitcher,14078,14078,608379,Michael Wacha,KCR,40.7,372
batter,19950,19950,665926,Andrés Giménez,TOR,40.6,373
batter,20352,20352,676391,Ernie Clement,TOR,40.5,374
batter,29630,29630,694388,Joey Loperfido,HOU,40.4,375
pitcher,35323,35323,808963,Roki Sasaki,LAD,40.3,376
batter,29695,29695,680574,Matt McLain,CIN,40.0,377
batter,11899,11899,592626,Joc Pederson,TEX,39.8,378
batter,24610,24610,680757,Steven Kwan,CLE,39.7,379
batter,19260,19260,641584,Jake Fraley,TBR,39.6,380
pitcher,17677,17677,605488,Jeffrey Springs,ATH,39.6,381
batter,19643,19643,669288,Daniel Johnson,HOU,39.5,382
pitcher,14843,14843,547179,Michael Lorenzen,COL,39.4,383
pitcher,12730,12730,607259,Nick Martinez,TBR,39.1,384
pitcher,chad dallas,,,Chad Dallas,TOR,39.0,385
batter,23401,23401,676609,José Caballero,NYY,38.8,386
batter,17232,17232,660162,Yoán Moncada,LAA,38.8,387
batter,9774,9774,543877,Christian Vázquez,HOU,38.7,388
batter,14968,14968,605170,Victor Caratini,MIN,38.7,389
batter,19612,19612,666182,Bo Bichette,NYM,38.4,390
batter,22275,22275,669394,Jake Burger,TEX,38.4,391
batter,23003,23003,673237,Yainer Diaz,HOU,38.4,392
pitcher,17479,17479,656427,Jack Flaherty,DET,38.3,393
batter,27690,27690,686894,Joey Wiemer,WSN,38.3,394
batter,22263,22263,669357,Nolan Gorman,STL,38.2,395
batter,22823,22823,672724,Oswald Peraza,LAA,38.1,396
pitcher,29921,29921,681293,Spencer Arrighetti,HOU,38.1,397
batter,28020,28020,699912,Jose Fernandez,ARI,38.0,398
batter,27504,27504,694377,Nick Yorke,PIT,37.9,399
batter,15112,15112,641857,Ryan McMahon,NYY,37.9,400
batter,27789,27789,694376,Shay Whitcomb,HOU,37.9,401
batter,20220,20220,666176,Jo Adell,LAA,37.8,402
batter,23691,23691,677588,José Tena,WSN,37.8,403
batter,17273,17273,622761,Jorge Mateo,ATL,37.5,404
batter,28312,28312,691723,Coby Mayo,BAL,37.4,405
batter,23782,23782,677870,Leo Jiménez,MIA,37.4,406
pitcher,17594,17594,656605,Mitch Keller,PIT,37.4,407
batter,19722,19722,665966,Carlos Narváez,BOS,37.2,408
pitcher,6902,6902,527048,Martín Pérez,ATL,37.1,409
pitcher,22264,22264,669358,Shane Baz,BAL,37.1,410
pitcher,30184,30184,702070,Noah Cameron,KCR,37.0,411
batter,31680,31680,702284,Cole Young,SEA,36.8,412
batter,19892,19892,656976,Pavin Smith,ARI,36.8,413
batter,18036,18036,630105,Jake Cronenworth,SDP,36.2,414
batter,19896,19896,657136,Connor Wong,BOS,36.0,415
batter,14854,14854,573262,Mike Yastrzemski,ATL,35.9,416
pitcher,20629,20629,663969,Tyler Phillips,MIA,35.8,417
batter,23792,23792,677950,Alek Thomas,ARI,35.6,418
batter,31580,31580,805367,Chase Meidroth,CHW,35.4,419
batter,33252,33252,691720,Kyle Karros,COL,35.4,420
batter,16535,16535,643376,Danny Jansen,TEX,35.2,421
batter,24598,24598,680718,Addison Barger,TOR,35.0,422
batter,17901,17901,643217,Andrew Benintendi,CHW,35.0,423
batter,35177,35177,701807,Carson Benge,NYM,35.0,424
batter,27790,27790,694497,Evan Carter,TEX,35.0,425
batter,31357,31357,701675,Nathan Church,STL,35.0,426
batter,18123,18123,664770,Nathan Lukes,TOR,34.5,427
batter,21897,21897,666624,Christopher Morel,MIA,34.2,428
batter,21558,21558,663837,Matt Vierling,DET,34.1,429
batter,19346,19346,642201,Eli White,ATL,34.0,430
batter,27496,27496,683357,Owen Caissie,MIA,33.9,431
batter,27684,27684,686681,Michael Massey,KCR,33.8,432
batter,7802,7802,500743,Miguel Rojas,LAD,33.7,433
batter,26365,26365,676356,Jonny DeLuca,TBR,33.6,434
batter,26197,26197,683734,Andrew Vaughn,MIL,33.5,435
batter,29554,29554,680728,Adrian Del Castillo,ARI,33.4,436
batter,26123,26123,683146,Brett Baty,NYM,33.4,437
pitcher,22294,22294,669461,Matthew Liberatore,STL,33.4,438
batter,29591,29591,681297,Colton Cowser,BAL,33.3,439
pitcher,33666,33666,813349,Connelly Early,BOS,33.3,440
batter,23813,23813,678218,Brandon Valenzuela,TOR,33.0,441
batter,17484,17484,650391,Eloy Jiménez,TOR,32.8,442
batter,21746,21746,665877,José Fermín,STL,32.7,443
batter,17338,17338,650489,Willi Castro,COL,32.6,444
batter,21618,21618,664761,Alec Bohm,PHI,32.5,445
pitcher,16432,16432,656492,Foster Griffin,WSN,32.4,446
batter,12976,12976,595978,Austin Hedges,CLE,32.3,447
batter,29646,29646,702332,Caleb Durbin,BOS,32.3,448
pitcher,33850,33850,687075,Brandon Sproat,MIL,31.9,449
batter,19363,19363,669720,Austin Hays,CHW,31.8,450
batter,21496,21496,663604,Brandon Lockridge,MIL,31.8,451
batter,24729,24729,681351,Logan O'Hoppe,LAA,31.7,452
batter,24589,24589,680700,Richie Palacios,TBR,31.7,453
batter,13770,13770,608701,Rob Refsnyder,SEA,31.7,454
batter,19997,19997,669289,Santiago Espinal,LAD,31.7,455
batter,29617,29617,680779,Henry Davis,PIT,31.6,456
pitcher,19291,19291,668678,Zac Gallen,ARI,31.6,457
batter,25807,25807,669707,Jared Triolo,PIT,31.5,458
pitcher,23920,23920,678394,Brayan Bello,BOS,31.4,459
batter,16947,16947,656537,Derek Hill,CHW,31.4,460
batter,26467,26467,682641,Luis Matos,MIL,31.3,461
pitcher,12304,12304,605135,Chris Bassitt,BAL,31.2,462
batter,24878,24878,681715,Heriberto Hernández,MIA,31.2,463
batter,29993,29993,691781,Brady House,WSN,31.1,464
batter,23372,23372,676439,Hunter Feduccia,TBR,31.1,465
batter,26396,26396,669701,Josh Smith,TEX,31.0,466
batter,20391,20391,671277,Luis García Jr.,WSN,31.0,467
batter,22165,22165,668723,Ryan Vilade,TBR,31.0,468
pitcher,18684,18684,645261,Sandy Alcantara,MIA,30.9,469
batter,29573,29573,695257,Billy Cook,PIT,30.7,470
pitcher,25377,25377,663903,Brady Singer,CIN,30.3,471
pitcher,16944,16944,656550,Grant Holmes,ATL,30.2,472
batter,23789,23789,677942,Blaze Alexander,BAL,30.1,473
batter,5517,5517,543309,Kyle Higashioka,TEX,30.0,474
pitcher,11156,11156,518876,Merrill Kelly,ARI,30.0,475
batter,27531,27531,666152,David Hamilton,MIL,29.9,476
batter,11737,11737,592206,Nick Castellanos,SDP,29.9,477
pitcher,26108,26108,669467,Andre Pallante,STL,29.8,478
batter,26202,26202,663968,Jake Mangum,PIT,29.4,479
batter,21865,21865,666310,Bo Naylor,CLE,29.3,480
batter,12564,12564,596115,Trevor Story,BOS,29.3,481
batter,21538,21538,663743,Nick Fortes,TBR,29.2,482
batter,33197,33197,810938,Ben Williamson,TBR,29.1,483
batter,12979,12979,595879,Javier Báez,DET,29.1,484
batter,22857,22857,672761,Wenceel Pérez,DET,29.0,485
batter,18042,18042,664238,Dylan Moore,PHI,28.9,486
batter,19858,19858,650859,Luis Rengifo,MIL,28.6,487
pitcher,9323,9323,571578,Patrick Corbin,TOR,28.5,488
batter,31370,31370,805300,Jakob Marsee,MIA,28.4,489
batter,28253,28253,691594,Javier Sanoja,MIA,28.2,490
batter,24770,24770,681546,James Outman,MIN,28.1,491
batter,29571,29571,694374,Tim Tawa,ARI,28.1,492
batter,24064,24064,678662,Ezequiel Tovar,COL,28.0,493
batter,23968,23968,678489,Jorge Barrosa,ARI,28.0,494
pitcher,15823,15823,641793,Zack Littell,WSN,27.9,495
pitcher,20387,20387,641743,Anthony Kay,CHW,27.8,496
batter,29788,29788,695391,Brett Harris,ATH,27.7,497
pitcher,13164,13164,593958,Eduardo Rodriguez,ARI,27.1,498
batter,26224,26224,687231,Darell Hernaiz,ATH,27.0,499
batter,19953,19953,666139,Josh Lowe,LAA,27.0,500
batter,15223,15223,624428,Adam Frazier,LAA,26.9,501
batter,19352,19352,669221,Sean Murphy,ATL,26.9,502
pitcher,33876,33876,695076,Rhett Lowder,CIN,26.6,503
batter,25782,25782,686780,Pedro Pagés,STL,26.3,504
batter,22541,22541,671655,George Valera,CLE,25.9,505
batter,21524,21524,663698,Joey Bart,PIT,25.8,506
pitcher,26253,26253,669194,Ryne Nelson,ARI,25.8,507
batter,14813,14813,571657,Kyle Farmer,ATL,25.6,508
pitcher,21446,21446,663372,Ryan Feltner,COL,25.6,509
pitcher,17425,17425,607200,Erick Fedde,CHW,25.5,510
batter,21840,21840,666023,Freddy Fermin,SDP,25.5,511
batter,23800,23800,678009,Parker Meadows,DET,25.1,512
batter,18217,18217,664954,Brett Sullivan,COL,25.0,513
batter,27969,27969,691277,Deyvison De Los Santos,MIA,25.0,514
pitcher,27819,27819,687064,Brandon Young,BAL,24.9,515
batter,19522,19522,670770,TJ Friedl,CIN,24.9,516
batter,31431,31431,687597,Jordan Beck,COL,24.6,517
batter,27493,27493,677956,Rece Hinds,CIN,24.5,518
batter,29487,29487,694362,Blake Dunn,CIN,24.4,519
batter,19968,19968,666931,Jared Oliva,SFG,24.4,520
pitcher,27500,27500,677944,Slade Cecconi,CLE,24.3,521
batter,15161,15161,641598,Mitch Garver,SEA,23.9,522
batter,31792,31792,805249,Otto Kemp,PHI,23.8,523
batter,21871,21871,666464,Jerar Encarnacion,SFG,23.7,524
batter,25479,25479,686668,Brenton Doyle,COL,23.4,525
batter,9847,9847,457705,Andrew McCutchen,TEX,23.3,526
batter,23917,23917,678391,Jorbit Vivas,WSN,23.1,527
pitcher,29357,29357,700712,Walbert Urena,LAA,22.7,528
batter,22277,22277,669397,Nick Allen,HOU,22.6,529
batter,16925,16925,605244,Aramis Garcia,ARI,22.5,530
batter,28848,28848,695020,Tanner Murray,CHW,22.5,531
batter,7739,7739,518595,Travis d'Arnaud,LAA,22.5,532
batter,25493,25493,687401,Joey Ortiz,MIL,22.4,533
batter,19392,19392,656716,Zach McKinstry,DET,22.4,534
batter,30080,30080,701678,Hao-Yu  Lee,DET,22.2,535
batter,26693,26693,682877,Juan Brito,CLE,22.2,536
batter,12533,12533,543760,Marcus Semien,NYM,22.2,537
batter,31500,31500,690022,Ryan Ritter,COL,21.8,538
pitcher,12718,12718,605288,Adrian Houser,SFG,21.5,539
batter,31912,31912,802415,Chandler Simpson,TBR,21.4,540
pitcher,29868,29868,696149,Bubba Chandler,PIT,21.1,541
batter,18030,18030,664056,Harrison Bader,SFG,21.1,542
batter,28763,28763,694025,Felix Reyes,PHI,20.5,543
pitcher,27889,27889,669372,J.T. Ginn,ATH,20.4,544
batter,23698,23698,677595,Ronny Mauricio,NYM,20.3,545
pitcher,31204,31204,680736,Justin Wrobleski,LAD,20.2,546
batter,18577,18577,663647,Ke'Bryan Hayes,CIN,20.2,547
batter,29931,29931,696285,Jacob Young,WSN,19.7,548
batter,15905,15905,620443,Luis Torrens,NYM,19.7,549
batter,2396,2396,467793,Carlos Santana,ARI,19.0,550
batter,27478,27478,672275,Patrick Bailey,SFG,19.0,551
batter,21497,21497,663609,Luken Baker,ARI,18.2,552
batter,31363,31363,688363,Graham Pauley,MIA,17.9,553
batter,25979,25979,683083,Nasim Nuñez,WSN,17.9,554
batter,18067,18067,596117,Garrett Stubbs,PHI,17.8,555
batter,21735,21735,665861,Sebastián Rivero,LAA,17.8,556
batter,22209,22209,669087,Sam Huff,BAL,17.4,557
batter,13675,13675,621438,Tyrone Taylor,NYM,17.4,558
batter,17929,17929,656775,Cedric Mullins,TBR,17.0,559
batter,30063,30063,671976,Tristan Peters,CHW,16.6,560
batter,18363,18363,645302,Victor Robles,SEA,16.6,561
batter,27653,27653,683766,Christian Koss,SFG,16.2,562
batter,19452,19452,668670,Jake Rogers,DET,16.2,563
batter,27501,27501,679822,Justin Foscue,TEX,16.2,564
batter,16512,16512,643396,Isiah Kiner-Falefa,BOS,16.1,565
batter,19610,19610,660688,Keibert Ruiz,WSN,16.1,566
batter,18848,18848,650968,Yohel Pozo,STL,16.1,567
batter,30038,30038,700246,Carson Williams,TBR,15.7,568
batter,26517,26517,682622,Noelvi Marte,CIN,15.6,569
batter,18433,18433,664731,P.J. Higgins,CIN,15.3,570
batter,19921,19921,663368,Blake Perkins,MIL,15.2,571
pitcher,27688,27688,686799,Jack Kochanowicz,LAA,15.1,572
batter,20002,20002,669369,Bryce Johnson,SDP,14.9,573
batter,13621,13621,600869,Jeimer Candelario,LAA,14.9,574
batter,21009,21009,660844,Leo Rivas,SEA,14.4,575
batter,15674,15674,624512,Reese McGuire,CHW,14.2,576
batter,22458,22458,670764,Taylor Walls,TBR,14.2,577
batter,28022,28022,700337,Edgar Quero,CHW,14.0,578
batter,25660,25660,686823,Will Brennan,SFG,14.0,579
batter,15271,15271,642851,Austin Wynns,ATH,13.8,580
batter,20126,20126,666185,Dylan Carlson,CHC,13.7,581
batter,31349,31349,687363,Victor Scott II,STL,13.1,582
batter,26548,26548,682668,Luisangel Acuña,CHW,13.0,583
batter,29780,29780,691788,Joe Mack,MIA,12.9,584
batter,29858,29858,672016,Denzel Clarke,ATH,12.1,585
batter,17975,17975,664068,Scott Kingery,CHC,12.1,586
batter,25779,25779,686475,Tyler Tolbert,KCR,12.0,587
batter,13602,13602,621550,Patrick Wisdom,SEA,11.9,588
batter,27883,27883,695336,Thomas Saggese,STL,11.8,589
batter,12859,12859,543510,James McCann,ARI,11.7,590
batter,16725,16725,624431,Jose Trevino,CIN,11.1,591
batter,25643,25643,686452,Drew Millas,WSN,10.8,592
batter,18054,18054,664059,Sam Haggerty,TEX,10.2,593
batter,2967,2967,502054,Tommy Pham,NYM,9.7,594
batter,21646,21646,665561,Rafael Marchán,PHI,9.5,595
pitcher,31741,31741,686930,Mason Barnett,ATH,8.9,596
batter,27931,27931,690984,Petey Halpin,CLE,8.6,597
batter,19562,19562,670097,Zack Short,DET,8.6,598
batter,13897,13897,623168,Tyler Heineman,TOR,8.1,599
batter,18821,18821,640492,José Azocar,ATL,7.3,600
batter,29524,29524,669326,Bryce Teodosio,LAA,6.7,601
batter,19802,19802,640902,Jhonny Pereda,SEA,6.6,602
batter,25448,25448,675659,Greg Jones,MIL,5.5,603
batter,29547,29547,669208,Ryan Bliss,SEA,3.4,604
batter,19339,19339,670032,Nicky Lopez,CHC,2.5,605
batter,18819,18819,628451,Andy Ibáñez,- - -,0.0,606
batter,16153,16153,596103,Austin Slater,- - -,0.0,607
batter,25705,25705,687957,Dustin Harris,- - -,0.0,608
batter,22896,22896,672820,Lenyn Sosa,- - -,0.0,609
batter,10243,10243,545341,Randal Grichuk,- - -,0.0,610
